sku,fnsku,asin,product-name,Desc,Return Quantity
WAL63-PGSGZ81-SAVR-4X65MM78__SL,X001GID0HB,B072HBT91G,"Wall Guard Pads for Baby Safety Gate - Wall Protector Pressure Gates - Strong Robust Wall Cups Protector Walls Stairs Doors Surface for Child, Kids, Toddler, Dog Cat Pet Gates - 4 Pack Small 2.6in",Small Wall Guard Pad 4pcs/set,850
WAL28-PGSGZ33-SAVR-4X90MM81__SL,X001HDDWQ9,B072B63TZC,"4 Pack Wall Guard Pads- Baby Gate Wall Protector Saver - Stair Gate Wall Protection - Child Safety Gate Wall Pads for Dog Gate, Pressure Gate, Wide Pet Gate Wood - Large 3.54In",Big Wall Guard Pad 4pcs/set,150
TOY16-XL66-SPINNER-HNDSPN-RED65,X001DCCEIB,B06XYKWMDY,Fidget Spinner Hand Spinners Tri-Spinner Toy Fidget Work Ultra Fast Bearings - Finger Toy Stress Reducer - With Premium Hybrid Bearing - RED,Hand Spinner Red,138
TOY39-XL67-SPINNER-HNDSPN-BLUE86,X001DCHF2V,B06XYPBB4J,Fidget Spinner Hand Spinners Tri-Spinner Toy Fidget Work Ultra Fast Bearings - Finger Toy Stress Reducer - With Premium Hybrid Bearing - BLUE,Hand Spinner Blue,215
TOY65-XL51-SPINNER-HNDSPN-BLACK66,X001DCD8H7,B06XYCB89V,Fidget Spinner Hand Spinners Tri-Spinner Toy Fidget Work Ultra Fast Bearings - Finger Toy Stress Reducer - With Premium Hybrid Bearing - BLACK,Hand Spinner Black,535
TOY67-XL81-SPINNER-HNDSPN-YELLOW10,X001DCGIRJ,B06XYMDQK9,Fidget Spinner Hand Spinners Tri-Spinner Toy Fidget Work Ultra Fast Bearings - Finger Toy Stress Reducer - With Premium Hybrid Bearing - YELLOW,Hand Spinner Yellow,100
TOY68-XL16-SPINNER-HNDSPN-WHITE92,X001DCHO0T,B06XYFVW56,Fidget Spinner Hand Spinners Tri-Spinner Toy Fidget Work Ultra Fast Bearings - Finger Toy Stress Reducer - With Premium Hybrid Bearing - WHITE,Hand Spinner White,230
TOY88-XL32-SPINNER-HNDSPN-GREEN79,X001DB5BSR,B06XYN9LCD,Fidget Spinner Hand Spinners Tri-Spinner Toy Fidget Work Ultra Fast Bearings - Finger Toy Stress Reducer - With Premium Hybrid Bearing - GREEN,Hand Spinner Green,212
TOY23-YFTY78-HADSPI-BLUE-LD96,X001FFWVBL,B072FS5Q84,Tri Fidget Spinner Prime-Finger Spinner Toy-Hand Spinner Fidget Toy Spinner Figit Spinner Prime-Spinning Fidget Toy Spinner-Hand Fidget Spinner-Finger Fidget-LED Spinner - BLUE-Father?s Day Gift,Hand Spinner LED Blue,17
TOY68-YFTY52-HADSPI-BLACK-LD87,X001FFWUQ7,B072FS5QYJ,Tri Fidget Spinner Prime-Finger Spinner Toy-Hand Spinner Fidget Toy Spinner Figit Spinner Prime-Spinning Fidget Toy Spinner-Hand Fidget Spinner-Finger Fidget-LED Spinner - BLACK-Father?s Day Gift,Hand Spinner LED Black,75
TOY76-YFTY67-HADSPI-WHITE-LD65,X001FEN1G1,B071J5CJDG,Tri Fidget Spinner Prime-Finger Spinner Toy-Hand Spinner Fidget Toy Spinner Figit Spinner Prime-Spinning Fidget Toy Spinner-Hand Fidget Spinner-Finger Fidget-LED Spinner - WHITE-Father?s Day Gift,Hand Spinner LED White,45
TOY69-YFTY15-HADSPI-YELOW-LD53,X001FGN3FD,B072FS5NWB,Tri Fidget Spinner Prime-Finger Spinner Toy-Hand Spinner Fidget Toy Spinner Figit Spinner Prime-Spinning Fidget Toy Spinner-Hand Fidget Spinner-Finger Fidget-LED Spinner - YELLOW-Father?s Day Gift,Hand Spinner LED Yellow,30
TOY28-YFTY15-HADSPI-RED-LD66,X001FFWVBB,B072PVCNR8,Tri Fidget Spinner Prime-Finger Spinner Toy-Hand Spinner Fidget Toy Spinner Figit Spinner Prime-Spinning Fidget Toy Spinner-Hand Fidget Spinner-Finger Fidget-LED Spinner - RED-Father?s Day Gift,Hand Spinner LED Red,32
TOY68-PUYN50-HADSPI-BLUE-CM39,X001FFWUWB,B0728LJF45,Tri Fidget Spinner Prime-Finger Spinner Toy-Hand Spinner Fidget Toy Spinner Figit Spinner Prime-Spinning Fidget Toy-Hand Fidget Spinner Toy Finger Fidget-Fidgeting toys - CHORME BLUE-Father?s Day Gift,Hand Spinner Chorm Blue,33
TOY68-PUYN69-HADSPI-SLV-CM80,X001FFWVB1,B0714N41HQ,Tri Fidget Spinner Prime-Finger Spinner Toy-Hand Spinner Fidget Toy Spinner Figit Spinner Prime-Spinning Fidget Toy-Hand Fidget Spinner Toy Finger Fidget-Fidgeting toys - SILVER-Father?s Day Gift,Hand Spinner Chrome Silver,30
